{
  "project_info": {
    "project_number": "1058474302787",
    "firebase_url": "https://javaproject-6f7f0.firebaseio.com",
    "project_id": "javaproject-6f7f0",
    "storage_bucket": "javaproject-6f7f0.appspot.com"
  },
  "client": [
    {
      "client_info": {
        "mobilesdk_app_id": "1:1058474302787:android:a2d7abed4196020ce523f6",
        "android_client_info": {
          "package_name": "com.example.demospeech"
        }
      },
      "oauth_client": [
        {
          "client_id": "1058474302787-v0qelfoeeuebsru666oqucobpjtqaqkp.apps.googleusercontent.com",
          "client_type": 1,
          "android_info": {
            "package_name": "com.example.demospeech",
            "certificate_hash": "fae925d9b6db8e1cd63825206bd57fefb122560c"
          }
        },
        {
          "client_id": "1058474302787-5stk8gsjh33k618rgk5afjdr1tem8nqc.apps.googleusercontent.com",
          "client_type": 3
        }
      ],
      "api_key": [
        {
          "current_key": "AIzaSyCMDlNKKiWimmXnFbMQYBJmP1tZb3DJnEs"
        }
      ],
      "services": {
        "appinvite_service": {
          "other_platform_oauth_client": [
            {
              "client_id": "1058474302787-5stk8gsjh33k618rgk5afjdr1tem8nqc.apps.googleusercontent.com",
              "client_type": 3
            }
          ]
        }
      }
    }
  ],
  "configuration_version": "1"
}